@Aloysius,2021-12-10,2021-12-31,Discord,https://discord.com/channels/906917846754418770/910524302531649566/923874123774590996,ecosystem research,1,1,0.0101274122,NULL
@Babbexx22,2021-12-10,2021-12-31,Discord,https://discord.com/channels/906917846754418770/908054304332603402/920818582265421874,feature request,1,1,0.009697767857,NULL
@Bam18000,2021-12-10,2021-12-31,Discord,https://discord.com/channels/906917846754418770/909644144635416626/925986995111616533,ecosystem research,1,1,0.0101274122,NULL
@bear1bear2bear3,2021-12-10,2021-12-31,Discord,https://discord.com/channels/906917846754418770/914290346106699887/920056120947650610,price discussion/suggestion,1,1,0.009697201438,NULL
@Damo,2021-12-10,2021-12-31,Discord,https://discord.com/channels/906917846754418770/909644144635416626/925324504677351424,ecosystem research,1,1,0.0101274122,NULL
@Damo,2021-12-10,2021-12-31,Discord,https://discord.com/channels/906917846754418770/908054304332603402/922519574434443367,feature request,1,1,0.009697767857,NULL
u/DellEnableUnderClock,2021-12-10,2021-12-31,Reddit,https://www.reddit.com/r/asastats/comments/rsy308/comment/hqpqdsr/?utm_source=share&utm_medium=web2x&context=3,bug report,1,1,0.01053725,NULL
@DragMZ,2021-12-10,2021-12-31,Discord,https://discord.com/channels/906917846754418770/908054330265960478/926419436993404938,bug report,1,1,0.01053725,NULL
@Grinnmarr,2021-12-10,2021-12-31,Discord,https://discord.com/channels/906917846754418770/910524302531649566/926605080625545276,bug report,1,1,0.01053725,Discuss if such succinct contribution should be rewarded (does it pass level 1 test?)
@IamFemi,2021-12-10,2021-12-31,Discord,https://discord.com/channels/906917846754418770/909644144635416626/922798844729774110,ecosystem research,1,1,0.0101274122,Discuss if such succinct contribution should be rewarded (does it pass level 1 test?)
@Investordooh,2021-12-10,2021-12-31,Discord,https://discord.com/channels/906917846754418770/911091925174607935/923203865090875392,comms/marketing suggestion,2,1,0.02330612019,NULL
@jasoni,2021-12-10,2021-12-31,Discord,https://discord.com/channels/906917846754418770/908054330265960478/921592170790670396,feature request,1,1,0.009697767857,NULL
@Kenny_Bunkport,2021-12-10,2021-12-31,Discord,https://discord.com/channels/906917846754418770/914290346106699887/919030924694417469,feature request,1,1,0.009697767857,NULL
@Lario,2021-12-10,2021-12-31,Discord,https://discord.com/channels/906917846754418770/908054330265960478/923485600957497365,bug report,2,1,0.01703875,NULL
@moloch10,2021-12-10,2021-12-31,Discord,https://discord.com/channels/906917846754418770/908054330265960478/923289362978984007,feature request,1,1,0.009697767857,NULL
@moloch10,2021-12-10,2021-12-31,Discord,https://discord.com/channels/906917846754418770/908054304332603402/925060144121913404,feature request,1,1,0.009697767857,NULL
@moloch10,2021-12-10,2021-12-31,Discord,https://discord.com/channels/906917846754418770/908054330265960478/925839077712986172,bug report,1,1,0.01053725,NULL
@moloch10,2021-12-10,2021-12-31,Discord,https://discord.com/channels/906917846754418770/908054304332603402/923379066697039922,ecosystem research,1,1,0.0101274122,NULL
@motuwagon,2021-12-10,2021-12-31,Discord,https://discord.com/channels/906917846754418770/908054304332603402/925539412002091118,feature request,1,1,0.009697767857,NULL
@motuwagon,2021-12-10,2021-12-31,Discord,https://discord.com/channels/906917846754418770/908054304332603402/926140457753395221,feature request,1,1,0.009697767857,NULL
@motuwagon,2021-12-10,2021-12-31,Discord,https://discord.com/channels/906917846754418770/908054304332603402/923039669732651078,feature request,1,1,0.009697767857,NULL
@Papa Noff,2021-12-10,2021-12-31,Discord,https://discord.com/channels/906917846754418770/908054330265960478/925618459365236777,bug report,2,1,0.01703875,NULL
@Papa Noff,2021-12-10,2021-12-31,Discord,https://discord.com/channels/906917846754418770/908054330265960478/925819974008852530,bug report,1,1,0.01053725,NULL
@Papa Noff,2021-12-10,2021-12-31,Discord,https://discord.com/channels/906917846754418770/908054330265960478/920849669746229249,bug report,1,1,0.01053725,NULL
@Papa Noff,2021-12-10,2021-12-31,Discord,https://discord.com/channels/906917846754418770/909644144635416626/924134309022035968,bug report,1,1,0.01053725,NULL
@Papa Noff,2021-12-10,2021-12-31,Discord,https://discord.com/channels/906917846754418770/909644144635416626/925938329453736006,ecosystem research,1,1,0.0101274122,NULL
@Papa Noff,2021-12-10,2021-12-31,Discord,https://discord.com/channels/906917846754418770/909644144635416626/926247261892132934,feature request,1,1,0.009697767857,NULL
@Papa Noff,2021-12-10,2021-12-31,Discord,https://discord.com/channels/906917846754418770/909644144635416626/926524170953695282,feature request,1,1,0.009697767857,Discuss if such succinct contribution should be rewarded (does it pass level 1 test?)
@Papa Noff,2021-12-10,2021-12-31,Discord,https://discord.com/channels/906917846754418770/914540797054025788/921869614231740458,community management suggestion,1,1,0.009210487812,NULL
@Papa Noff,2021-12-10,2021-12-31,Discord,https://discord.com/channels/906917846754418770/908054304332603402/923435626660003900,feature request,1,1,0.009697767857,NULL
@Papa Noff,2021-12-10,2021-12-31,Discord,https://discord.com/channels/906917846754418770/908054304332603402/920830894288302091,feature request,1,1,0.009697767857,NULL
@Papa Noff,2021-12-10,2021-12-31,Discord,https://discord.com/channels/906917846754418770/908054304332603402/920831023577722901,feature request,1,1,0.009697767857,NULL
@Papa Noff,2021-12-10,2021-12-31,Discord,https://discord.com/channels/906917846754418770/908054304332603402/922529522983768146,feature request,2,1,0.01939553571,NULL
@Papa Noff,2021-12-10,2021-12-31,Reddit,https://www.reddit.com/r/asastats/comments/rsfczr/some_tinyman_pools_asa_now_have_value_outside_the/hqm4utw/?utm_source=share&utm_medium=web2x&context=3,price discussion/suggestion,1,1,0.009697201438,NULL
@rach,2021-12-10,2021-12-31,Discord,https://discord.com/channels/906917846754418770/909644144635416626/924478199784669214,ecosystem research,1,1,0.0101274122,NULL
@rach,2021-12-10,2021-12-31,Discord,https://discord.com/channels/906917846754418770/909644144635416626/924809622588629012,ecosystem research,1,1,0.0101274122,NULL
@rach,2021-12-10,2021-12-31,Discord,https://discord.com/channels/906917846754418770/909644144635416626/924712599722004550,ecosystem research,1,1,0.0101274122,NULL
@RR,2021-12-10,2021-12-31,Discord,https://discord.com/channels/906917846754418770/910524302531649566/923919748213932072,ecosystem research,1,1,0.0101274122,NULL
@squallara,2021-12-10,2021-12-31,Discord,https://discord.com/channels/906917846754418770/915342738201931836/925029112706371686,ecosystem research,2,1,0.02162535714,NULL
@squallara,2021-12-10,2021-12-31,Discord,https://discord.com/channels/906917846754418770/908054304332603402/923298220417888296,feature request,1,1,0.009697767857,NULL
@squallara,2021-12-10,2021-12-31,Discord,https://discord.com/channels/906917846754418770/914290346106699887/919700990679216178,price discussion/suggestion,1,1,0.009697201438,NULL
@squallara,2021-12-10,2021-12-31,Discord,https://discord.com/channels/906917846754418770/908054304332603402/921059022264729630,feature request,1,1,0.009697767857,NULL
@TheHolyGoat,2021-12-10,2021-12-31,Discord,https://discord.com/channels/906917846754418770/911091925174607935/923295973147562025,comms/marketing suggestion,1,1,0.01120675908,NULL
@TresTres,2021-12-10,2021-12-31,Discord,https://discord.com/channels/906917846754418770/908054330265960478/920430883188670574,bug report,1,1,0.01053725,NULL
@UncleDooom,2021-12-10,2021-12-31,Discord,https://discord.com/channels/906917846754418770/908054330265960478/925429643069247568,bug report,1,1,0.01053725,NULL
@UncleDooom,2021-12-10,2021-12-31,Discord,https://discord.com/channels/906917846754418770/908054330265960478/919768081864208465,bug report,1,1,0.01053725,NULL
@UncleDooom,2021-12-10,2021-12-31,Discord,https://discord.com/channels/906917846754418770/909644144635416626/919788179291246613,ecosystem research,1,1,0.0101274122,NULL
@UncleDooom,2021-12-10,2021-12-31,Discord,https://discord.com/channels/906917846754418770/910524302531649566/920402561666781204,price discussion/suggestion,1,1,0.009697201438,NULL
@ym982,2021-12-10,2021-12-31,Discord,https://discord.com/channels/906917846754418770/908054304332603402/920227811816534016,feature request,2,1,0.01939553571,watchlist suggestion
@ðŸ¥‘ðŸ¥‘,2021-12-10,2021-12-31,Discord,https://discord.com/channels/906917846754418770/908054330265960478/925083765473153126,bug report,1,1,0.01053725,NULL
@bear1bear2bear3,2021-12-10,2021-12-31,Discord,https://discord.com/channels/906917846754418770/914540797054025788/916088322303078450,[AT] Admin Task,1,1,NULL,NULL
@bear1bear2bear3,2021-12-10,2021-12-31,Discord,https://discord.com/channels/906917846754418770/914540797054025788/916090628457254942,[AT] Admin Task,1,1,NULL,NULL
@bear1bear2bear3,2021-12-10,2021-12-31,Discord,https://discord.com/channels/906917846754418770/914540797054025788/917893823693213726,[AT] Admin Task,1,1,NULL,NULL
@bear1bear2bear3,2021-12-10,2021-12-31,Discord,https://discord.com/channels/906917846754418770/914540797054025788/922235803587997737,[AT] Admin Task,1,1,NULL,NULL
@pitofsuccess,2021-12-10,2021-12-31,Discord,https://discord.com/channels/906917846754418770/914540797054025788/916089455348154399,[AT] Admin Task,1,1,NULL,NULL
@pitofsuccess,2021-12-10,2021-12-31,Discord,https://discord.com/channels/906917846754418770/914540797054025788/916090999611215882,[AT] Admin Task,1,1,NULL,NULL
@pitofsuccess,2021-12-10,2021-12-31,Discord,https://discord.com/channels/906917846754418770/914540797054025788/916161556570595348,[AT] Admin Task,1,1,NULL,NULL
@Di,2021-12-10,2021-12-31,Discord,https://discord.com/channels/906917846754418770/914540797054025788/916330210553651231,[AT] Admin Task,1,1,NULL,NULL
@Di,2021-12-10,2021-12-31,Discord,https://discord.com/channels/906917846754418770/914540797054025788/916330944628150312,[AT] Admin Task,1,1,NULL,NULL
@Jeremy V,2021-12-10,2021-12-31,Discord,https://discord.com/channels/906917846754418770/914540797054025788/916159262567309312,[AT] Admin Task,1,1,NULL,NULL
@Jeremy V,2021-12-10,2021-12-31,Discord,https://discord.com/channels/906917846754418770/914540797054025788/916164011588984892,[AT] Admin Task,1,1,NULL,NULL
@TresTres,2021-12-10,2021-12-31,Discord,https://discord.com/channels/906917846754418770/914540797054025788/916323202924429382,[AT] Admin Task,1,1,NULL,NULL
@Babbexx22,2021-12-10,2021-12-31,Discord,https://discord.com/channels/906917846754418770/914540797054025788/919707751821770812,[AT] Admin Task,1,1,NULL,NULL
@Babbexx22,2021-12-10,2021-12-31,Discord,https://discord.com/channels/906917846754418770/914540797054025788/922050946559799296,[AT] Admin Task,1,1,NULL,NULL
@bear1bear2bear3,2021-12-10,2021-12-31,Discord,https://discord.com/channels/906917846754418770/914540797054025788/916091163251966002,[AT] Admin Task,2,1,NULL,"DAO, Frequently Asked questions ) "
@bear1bear2bear3,2021-12-10,2021-12-31,Discord,https://discord.com/channels/906917846754418770/914540797054025788/917892795572834404,[AT] Admin Task,2,1,NULL,(setting up a company in the UK)
@Babbexx22,2021-12-10,2021-12-31,Discord,https://discord.com/channels/906917846754418770/914540797054025788/917899609240666143,[AT] Admin Task,2,1,NULL,(recent year specification for some agents)
@Babbexx22,2021-12-10,2021-12-31,Discord,https://discord.com/channels/906917846754418770/914540797054025788/919699352828661810,[AT] Admin Task,2,1,NULL,(list of documents for wyoming)
@Babbexx22,2021-12-10,2021-12-31,Discord,https://discord.com/channels/906917846754418770/914540797054025788/919701917360345138,[AT] Admin Task,2,1,NULL,NULL
@Babbexx22,2021-12-10,2021-12-31,Discord,https://discord.com/channels/906917846754418770/914540797054025788/919707446145073154,[AT] Admin Task,2,1,NULL,(communication with providers)
@Babbexx22,2021-12-10,2021-12-31,Discord,https://discord.com/channels/906917846754418770/914540797054025788/922051077451427900,[AT] Admin Task,2,1,NULL,(review of some resident agents )
@Babbexx22,2021-12-10,2021-12-31,Discord,https://discord.com/channels/906917846754418770/914540797054025788/922051139770408982,[AT] Admin Task,2,1,NULL,NULL
@Babbexx22,2021-12-10,2021-12-31,Discord,https://discord.com/channels/906917846754418770/914540797054025788/922051383157477386,[AT] Admin Task,2,1,NULL,(review)
@Babbexx22,2021-12-10,2021-12-31,Discord,https://discord.com/channels/906917846754418770/914540797054025788/922051548899598376,[AT] Admin Task,2,1,NULL,NULL
@Babbexx22,2021-12-10,2021-12-31,Discord,https://discord.com/channels/906917846754418770/914540797054025788/922051858711863337,[AT] Admin Task,2,1,NULL,(secured contact)
@Babbexx22,2021-12-10,2021-12-31,Discord,https://discord.com/channels/906917846754418770/914540797054025788/924266268956184606,[AT] Admin Task,2,1,NULL,(other agents)
@Babbexx22,2021-12-10,2021-12-31,Discord,https://discord.com/channels/906917846754418770/914540797054025788/924770924417409055,[AT] Admin Task,2,1,NULL,(report of communication)
@Babbexx22,2021-12-10,2021-12-31,Discord,https://discord.com/channels/906917846754418770/914540797054025788/924770961125941248,[AT] Admin Task,2,1,NULL,(bookkeeping company research)
@Marvingale,2021-12-10,2021-12-31,Discord,https://discord.com/channels/906917846754418770/914540797054025788/923543352291520523,[AT] Admin Task,2,1,NULL,(Review of other resident agents)
@Marvingale,2021-12-10,2021-12-31,Discord,https://discord.com/channels/906917846754418770/914540797054025788/923543868291563552,[AT] Admin Task,2,1,NULL,NULL
u/Ansuz4u,2021-12-10,2021-12-31,Reddit,https://www.reddit.com/r/asastats/comments/rby4u0/asa_stats_legal_entity_establishment/?utm_medium=android_app&utm_source=share,[AT] Admin Task,2,1,NULL,(offered some links and actively participated in the discussion on reddit)
u/Bricksufficient6938,2021-12-10,2021-12-31,Reddit,https://www.reddit.com/r/asastats/comments/rby4u0/asa_stats_legal_entity_establishment/?utm_medium=android_app&utm_source=share,[AT] Admin Task,1,1,NULL,(a one time contribution)
